group_id,role,id,label,origin,center_x,center_y,window_size,median_r,median_g,median_b,linear_r,linear_g,linear_b,relative_luminance,note
"metric-value-black-on-paper","foregroundRaw11","metric-raw-2-top","大号数值 2.22 的 2 顶部笔画 11×11","top-left","1439","444","11","123","115","105","0.1981","0.1714","0.1413","0.1749","可读数值主体；11×11 混入抗锯齿和纸色。"
"metric-value-black-on-paper","foregroundRaw11","metric-raw-second-2","大号数值 2.22 的第二个 2 顶部笔画 11×11","top-left","1484","444","11","97","90","81","0.1195","0.1022","0.0823","0.1045","可读数值主体；11×11 中位数仍保留暗笔画。"
"metric-value-black-on-paper","foregroundRaw11","metric-raw-s","大号数值单位 s 笔画 11×11","top-left","1552","448","11","136","129","118","0.2462","0.2195","0.1812","0.2224","单位字母笔画边缘；比数字更受抗锯齿影响。"
"metric-value-black-on-paper","foregroundGlyphInterior","metric-glyph-2-left","大号数值 2.22 深色字形内部","top-left","1439","440","5","39","32","26","0.0203","0.0144","0.0103","0.0154","因 11×11 混入纸色，用 5×5 glyph interior 记录真实前景。"
"metric-value-black-on-paper","foregroundGlyphInterior","metric-glyph-2-mid","大号数值 2.22 第二个 2 深色字形内部","top-left","1484","440","5","39","32","26","0.0203","0.0144","0.0103","0.0154","因 11×11 混入纸色，用 5×5 glyph interior 记录真实前景。"
"metric-value-black-on-paper","foregroundGlyphInterior","metric-glyph-2-right","大号数值 2.22 第三个 2 深色字形内部","top-left","1506","440","5","39","32","26","0.0203","0.0144","0.0103","0.0154","因 11×11 混入纸色，用 5×5 glyph interior 记录真实前景。"
"metric-value-black-on-paper","background11","metric-bg-above","大号数值上方纸色背景 11×11","top-left","1425","416","11","247","238","221","0.9301","0.8550","0.7231","0.8614","数值标签附近无字背景。"
"metric-value-black-on-paper","background11","metric-bg-between","大号数字间纸色背景 11×11","top-left","1458","453","11","247","238","221","0.9301","0.8550","0.7231","0.8614","数字内部间隙附近背景。"
"metric-value-black-on-paper","background11","metric-bg-right","大号数值右侧纸色背景 11×11","top-left","1610","443","11","247","238","221","0.9301","0.8550","0.7231","0.8614","数值右侧背景。"
"metric-value-black-on-paper","boundary11","metric-boundary-left-edge","大号数字左边缘邻近边界 11×11","top-left","1431","444","11","247","238","221","0.9301","0.8550","0.7231","0.8614","文字边缘邻近区域；中位数可能被背景主导。"
"metric-value-black-on-paper","boundary11","metric-boundary-aa","大号数字抗锯齿邻近边界 11×11","top-left","1448","442","11","247","238","221","0.9301","0.8550","0.7231","0.8614","抗锯齿边缘邻近区域。"
"metric-value-black-on-paper","boundary11","metric-boundary-s-edge","单位 s 边缘邻近边界 11×11","top-left","1552","448","11","136","129","118","0.2462","0.2195","0.1812","0.2224","单位字母边缘区域。"
"orange-heading-on-paper","foregroundRaw11","orange-raw-left","橙色小标题适用范围左侧 11×11","top-left","1450","990","11","247","238","221","0.9301","0.8550","0.7231","0.8614","橙色标题笔画附近；11×11 被纸色明显稀释。"
"orange-heading-on-paper","foregroundRaw11","orange-raw-scope","橙色小标题范围字 11×11","top-left","1510","991","11","181","90","71","0.4621","0.1022","0.0630","0.1759","橙色标题较实笔画区域。"
"orange-heading-on-paper","foregroundRaw11","orange-raw-edge","橙色小标题边缘 11×11","top-left","1432","990","11","247","238","221","0.9301","0.8550","0.7231","0.8614","标题左边缘；11×11 被纸色主导。"
"orange-heading-on-paper","foregroundGlyphInterior","orange-glyph-left","橙色小标题字形内部 1","top-left","1432","982","3","186","103","83","0.4910","0.1356","0.0865","0.2076","3×3 glyph interior，用于避免 11×11 被背景吞掉。"
"orange-heading-on-paper","foregroundGlyphInterior","orange-glyph-mid","橙色小标题字形内部 2","top-left","1486","982","3","181","90","71","0.4621","0.1022","0.0630","0.1759","3×3 glyph interior。"
"orange-heading-on-paper","foregroundGlyphInterior","orange-glyph-right","橙色小标题字形内部 3","top-left","1495","982","3","181","90","71","0.4621","0.1022","0.0630","0.1759","3×3 glyph interior。"
"orange-heading-on-paper","background11","orange-bg-above","橙色小标题上方纸色背景 11×11","top-left","1448","958","11","247","238","221","0.9301","0.8550","0.7231","0.8614","标题上方背景。"
"orange-heading-on-paper","background11","orange-bg-right","橙色小标题右侧纸色背景 11×11","top-left","1560","990","11","247","238","221","0.9301","0.8550","0.7231","0.8614","标题右侧背景。"
"orange-heading-on-paper","background11","orange-bg-below","橙色小标题下方纸色背景 11×11","top-left","1450","1018","11","247","238","221","0.9301","0.8550","0.7231","0.8614","标题下方背景。"
"orange-heading-on-paper","boundary11","orange-boundary-top","橙色小标题上边缘邻近边界 11×11","top-left","1454","980","11","247","238","221","0.9301","0.8550","0.7231","0.8614","标题边缘区域；中位数可能被纸色主导。"
"orange-heading-on-paper","boundary11","orange-boundary-left","橙色小标题左边缘邻近边界 11×11","top-left","1432","990","11","247","238","221","0.9301","0.8550","0.7231","0.8614","标题左边缘区域。"
"orange-heading-on-paper","boundary11","orange-boundary-right","橙色小标题右边缘邻近边界 11×11","top-left","1523","982","11","247","238","221","0.9301","0.8550","0.7231","0.8614","标题右边缘区域。"
"input-placeholder-low-contrast","foregroundRaw11","placeholder-raw-left","输入框占位文字问字 11×11","top-left","1416","1481","11","248","241","225","0.9387","0.8796","0.7529","0.8830","占位文字太细，11×11 中位数会接近背景。"
"input-placeholder-low-contrast","foregroundRaw11","placeholder-raw-mid","输入框占位文字课程字 11×11","top-left","1508","1477","11","188","182","171","0.5029","0.4678","0.4072","0.4709","占位文字太细，11×11 中位数会接近背景。"
"input-placeholder-low-contrast","foregroundRaw11","placeholder-raw-right","输入框占位文字材料字 11×11","top-left","1558","1481","11","218","212","198","0.7011","0.6584","0.5647","0.6607","占位文字太细，11×11 中位数会接近背景。"
"input-placeholder-low-contrast","foregroundGlyphInterior","placeholder-glyph-left","输入框占位文字字形内部 1","top-left","1416","1481","3","188","182","171","0.5029","0.4678","0.4072","0.4709","11×11 被背景吞掉，改用 3×3 glyph interior。"
"input-placeholder-low-contrast","foregroundGlyphInterior","placeholder-glyph-mid","输入框占位文字字形内部 2","top-left","1508","1477","3","188","182","171","0.5029","0.4678","0.4072","0.4709","11×11 被背景吞掉，改用 3×3 glyph interior。"
"input-placeholder-low-contrast","foregroundGlyphInterior","placeholder-glyph-right","输入框占位文字字形内部 3","top-left","1558","1481","3","188","182","171","0.5029","0.4678","0.4072","0.4709","11×11 被背景吞掉，改用 3×3 glyph interior。"
"input-placeholder-low-contrast","background11","placeholder-bg-left","输入框内部底色背景 11×11","top-left","1450","1460","11","249","242","226","0.9473","0.8879","0.7605","0.8913","输入框内部无字底色。"
"input-placeholder-low-contrast","background11","placeholder-bg-mid","输入框内部底色背景 11×11","top-left","1650","1460","11","249","242","226","0.9473","0.8879","0.7605","0.8913","输入框内部无字底色。"
"input-placeholder-low-contrast","background11","placeholder-bg-right","输入框内部底色背景 11×11","top-left","1830","1446","11","249","242","226","0.9473","0.8879","0.7605","0.8913","输入框内部无字底色。"
"input-placeholder-low-contrast","boundary11","placeholder-boundary-top-left","输入框上边框邻近边界 11×11","top-left","1395","1427","11","247","238","221","0.9301","0.8550","0.7231","0.8614","输入框上边框很细，11×11 中位数可能被背景主导。"
"input-placeholder-low-contrast","boundary11","placeholder-boundary-top-mid","输入框上边框邻近边界 11×11","top-left","1500","1427","11","247","238","221","0.9301","0.8550","0.7231","0.8614","输入框上边框很细。"
"input-placeholder-low-contrast","boundary11","placeholder-boundary-top-right","输入框上边框邻近边界 11×11","top-left","1700","1427","11","247","238","221","0.9301","0.8550","0.7231","0.8614","输入框上边框很细。"
